query_id,system,run_id,phase,category,question,answer,artifact_dir,latency_ms,prompt_tokens,completion_tokens,total_tokens,accuracy,synthesis,latest_state,contradiction_detected,contradiction_resolved,compression_loss,provenance_fidelity,evaluator_notes
lookup_01,rag,lookup_01::phase=phase_1-20260414T015846.314412Z-edac548c,phase_1,lookup,What is the title of the arXiv paper that introduces the Transformer architecture?,LOOKUP_NOISY::phase_1,/Users/bharathnunepalli/Downloads/llm-wiki-vs-rag/artifacts/rag_runs/lookup_01::phase=phase_1-20260414T015846.314412Z-edac548c,4.665,1,1,2,partial,full,correct,False,False,minor,False,
lookup_02,rag,lookup_02::phase=phase_1-20260414T015846.323777Z-3e944746,phase_1,lookup,Which SEC filing form is typically used for annual reports by U.S. public companies?,LOOKUP_NOISY::phase_1,/Users/bharathnunepalli/Downloads/llm-wiki-vs-rag/artifacts/rag_runs/lookup_02::phase=phase_1-20260414T015846.323777Z-3e944746,90.932,1,1,2,partial,full,correct,False,False,minor,False,
lookup_03,rag,lookup_03::phase=phase_1-20260414T015846.418285Z-b2a16e2f,phase_1,lookup,"In policy governance documents, what does the acronym KYC stand for?",LOOKUP_NOISY::phase_1,/Users/bharathnunepalli/Downloads/llm-wiki-vs-rag/artifacts/rag_runs/lookup_03::phase=phase_1-20260414T015846.418285Z-b2a16e2f,14.699,1,1,2,partial,full,correct,False,False,minor,False,
lookup_04,rag,lookup_04::phase=phase_1-20260414T015846.438780Z-047c044a,phase_1,lookup,What section of a financial filing usually contains the Management's Discussion and Analysis (MD&A)?,GENERIC::phase_1,/Users/bharathnunepalli/Downloads/llm-wiki-vs-rag/artifacts/rag_runs/lookup_04::phase=phase_1-20260414T015846.438780Z-047c044a,15.429,1,1,2,partial,incomplete,correct,False,False,minor,False,
lookup_05,rag,lookup_05::phase=phase_1-20260414T015846.457838Z-00105ad3,phase_1,lookup,What is the standard purpose of a data retention policy in enterprise compliance documentation?,LOOKUP_NOISY::phase_1,/Users/bharathnunepalli/Downloads/llm-wiki-vs-rag/artifacts/rag_runs/lookup_05::phase=phase_1-20260414T015846.457838Z-00105ad3,22.532,1,1,2,partial,full,correct,False,False,minor,False,
lookup_06,rag,lookup_06::phase=phase_1-20260414T015846.483066Z-67712aff,phase_1,lookup,What does EBITDA stand for in corporate financial reporting contexts?,LOOKUP_NOISY::phase_1,/Users/bharathnunepalli/Downloads/llm-wiki-vs-rag/artifacts/rag_runs/lookup_06::phase=phase_1-20260414T015846.483066Z-67712aff,166.81,1,1,2,partial,full,correct,False,False,minor,False,
synthesis_01,rag,synthesis_01::phase=phase_1-20260414T015846.654011Z-1b4bf9e8,phase_1,synthesis,Synthesize key differences between model pretraining objectives described in arXiv papers and governance controls described in policy documents.,SYNTHESIS_PARTIAL::phase_1,/Users/bharathnunepalli/Downloads/llm-wiki-vs-rag/artifacts/rag_runs/synthesis_01::phase=phase_1-20260414T015846.654011Z-1b4bf9e8,238.605,1,1,2,partial,incomplete,correct,False,False,major,False,
synthesis_02,rag,synthesis_02::phase=phase_1-20260414T015846.901726Z-0f21714c,phase_1,synthesis,Combine evidence from a company risk policy and its annual filing to summarize the organization's top operational risk themes.,SYNTHESIS_PARTIAL::phase_1,/Users/bharathnunepalli/Downloads/llm-wiki-vs-rag/artifacts/rag_runs/synthesis_02::phase=phase_1-20260414T015846.901726Z-0f21714c,97.441,1,1,2,partial,incomplete,correct,False,False,major,False,
synthesis_03,rag,synthesis_03::phase=phase_1-20260414T015847.002076Z-5103ed8f,phase_1,synthesis,"Using arXiv and policy sources, summarize how data privacy constraints can affect machine learning deployment decisions.",SYNTHESIS_PARTIAL::phase_1,/Users/bharathnunepalli/Downloads/llm-wiki-vs-rag/artifacts/rag_runs/synthesis_03::phase=phase_1-20260414T015847.002076Z-5103ed8f,127.635,1,1,2,partial,incomplete,correct,False,False,major,False,
synthesis_04,rag,synthesis_04::phase=phase_1-20260414T015847.137365Z-08e826e8,phase_1,synthesis,Synthesize a short briefing that links model evaluation findings in research papers with disclosure language in financial filings.,SYNTHESIS_PARTIAL::phase_1,/Users/bharathnunepalli/Downloads/llm-wiki-vs-rag/artifacts/rag_runs/synthesis_04::phase=phase_1-20260414T015847.137365Z-08e826e8,238.073,1,1,2,partial,incomplete,correct,False,False,major,False,
synthesis_05,rag,synthesis_05::phase=phase_1-20260414T015847.375409Z-c1825839,phase_1,synthesis,Integrate information from compliance policy documents and SEC filings to explain how incident response responsibilities are allocated.,SYNTHESIS_PARTIAL::phase_1,/Users/bharathnunepalli/Downloads/llm-wiki-vs-rag/artifacts/rag_runs/synthesis_05::phase=phase_1-20260414T015847.375409Z-c1825839,125.311,1,1,2,partial,incomplete,correct,False,False,major,False,
synthesis_06,rag,synthesis_06::phase=phase_1-20260414T015847.503716Z-889f29f8,phase_1,synthesis,Synthesize the relationship between research-reported model limitations and the cautionary statements in investor-facing filings.,SYNTHESIS_PARTIAL::phase_1,/Users/bharathnunepalli/Downloads/llm-wiki-vs-rag/artifacts/rag_runs/synthesis_06::phase=phase_1-20260414T015847.503716Z-889f29f8,43.921,1,1,2,partial,incomplete,correct,False,False,major,False,
latest_state_01,rag,latest_state_01::phase=phase_1-20260414T015847.551634Z-b0d13f83,phase_1,latest_state,"Based on the latest dated corpus documents, what is the most current stated policy on retaining customer support transcripts?",LATEST_STATE::phase_1,/Users/bharathnunepalli/Downloads/llm-wiki-vs-rag/artifacts/rag_runs/latest_state_01::phase=phase_1-20260414T015847.551634Z-b0d13f83,123.24,1,1,2,correct,full,correct,False,False,none,False,
latest_state_02,rag,latest_state_02::phase=phase_1-20260414T015847.678430Z-52faaa84,phase_1,latest_state,"From available filing revisions, what is the latest reported fiscal-year revenue trend for the company?",LATEST_STATE::phase_1,/Users/bharathnunepalli/Downloads/llm-wiki-vs-rag/artifacts/rag_runs/latest_state_02::phase=phase_1-20260414T015847.678430Z-52faaa84,95.711,1,1,2,correct,full,correct,False,False,none,False,
latest_state_03,rag,latest_state_03::phase=phase_1-20260414T015847.777566Z-8b28eef7,phase_1,latest_state,"Considering publication dates, what is the newest model architecture improvement described across the arXiv papers in corpus?",LATEST_STATE::phase_1,/Users/bharathnunepalli/Downloads/llm-wiki-vs-rag/artifacts/rag_runs/latest_state_03::phase=phase_1-20260414T015847.777566Z-8b28eef7,45.606,1,1,2,correct,full,correct,False,False,none,False,
latest_state_04,rag,latest_state_04::phase=phase_1-20260414T015847.828690Z-7af86751,phase_1,latest_state,"Using effective dates in governance materials, what is the latest approved access-control requirement for production systems?",LATEST_STATE::phase_1,/Users/bharathnunepalli/Downloads/llm-wiki-vs-rag/artifacts/rag_runs/latest_state_04::phase=phase_1-20260414T015847.828690Z-7af86751,19.229,1,1,2,correct,full,correct,False,False,none,False,
latest_state_05,rag,latest_state_05::phase=phase_1-20260414T015847.853176Z-1df1473d,phase_1,latest_state,"Across policy updates and filings, what is the latest disclosed stance on third-party AI vendor risk?",LATEST_STATE::phase_1,/Users/bharathnunepalli/Downloads/llm-wiki-vs-rag/artifacts/rag_runs/latest_state_05::phase=phase_1-20260414T015847.853176Z-1df1473d,269.737,1,1,2,correct,full,correct,False,False,none,False,
latest_state_06,rag,latest_state_06::phase=phase_1-20260414T015848.126985Z-5f3da714,phase_1,latest_state,"From the most recent corpus evidence, what is the current definition of material cybersecurity incident reporting timelines?",LATEST_STATE::phase_1,/Users/bharathnunepalli/Downloads/llm-wiki-vs-rag/artifacts/rag_runs/latest_state_06::phase=phase_1-20260414T015848.126985Z-5f3da714,159.938,1,1,2,correct,full,correct,False,False,none,False,
contradiction_01,rag,contradiction_01::phase=phase_1-20260414T015848.289813Z-d044c7f5,phase_1,contradiction,Identify any contradiction between arXiv claims of model robustness and policy constraints on acceptable model failure rates.,CONTRADICTION_MISSED::phase_1,/Users/bharathnunepalli/Downloads/llm-wiki-vs-rag/artifacts/rag_runs/contradiction_01::phase=phase_1-20260414T015848.289813Z-d044c7f5,229.8,1,1,2,wrong,failed,correct,False,False,major,False,
contradiction_02,rag,contradiction_02::phase=phase_1-20260414T015848.526698Z-edc0dde3,phase_1,contradiction,Find contradictions between risk disclosures in financial filings and internal policy statements about system availability commitments.,CONTRADICTION_MISSED::phase_1,/Users/bharathnunepalli/Downloads/llm-wiki-vs-rag/artifacts/rag_runs/contradiction_02::phase=phase_1-20260414T015848.526698Z-edc0dde3,37.416,1,1,2,wrong,failed,correct,False,False,major,False,
contradiction_03,rag,contradiction_03::phase=phase_1-20260414T015848.569926Z-f074fb2b,phase_1,contradiction,Detect contradictions between data minimization policy language and research pipeline descriptions that rely on broad data collection.,CONTRADICTION_MISSED::phase_1,/Users/bharathnunepalli/Downloads/llm-wiki-vs-rag/artifacts/rag_runs/contradiction_03::phase=phase_1-20260414T015848.569926Z-f074fb2b,206.612,1,1,2,wrong,failed,correct,False,False,major,False,
contradiction_04,rag,contradiction_04::phase=phase_1-20260414T015848.780199Z-2486cc90,phase_1,contradiction,Identify contradictions between financial filing statements on AI investment priorities and policy restrictions on deployment scope.,CONTRADICTION_MISSED::phase_1,/Users/bharathnunepalli/Downloads/llm-wiki-vs-rag/artifacts/rag_runs/contradiction_04::phase=phase_1-20260414T015848.780199Z-2486cc90,168.222,1,1,2,wrong,failed,correct,False,False,major,False,
contradiction_05,rag,contradiction_05::phase=phase_1-20260414T015848.954398Z-ae03b65e,phase_1,contradiction,Check whether governance documents contradict filing disclosures about incident disclosure speed and escalation thresholds.,GENERIC::phase_1,/Users/bharathnunepalli/Downloads/llm-wiki-vs-rag/artifacts/rag_runs/contradiction_05::phase=phase_1-20260414T015848.954398Z-ae03b65e,98.126,1,1,2,partial,incomplete,correct,False,False,minor,False,
contradiction_06,rag,contradiction_06::phase=phase_1-20260414T015849.055466Z-d45e7e32,phase_1,contradiction,Determine whether there is a contradiction between research claims of interpretability and policy requirements for explainability audits.,CONTRADICTION_MISSED::phase_1,/Users/bharathnunepalli/Downloads/llm-wiki-vs-rag/artifacts/rag_runs/contradiction_06::phase=phase_1-20260414T015849.055466Z-d45e7e32,161.006,1,1,2,wrong,failed,correct,False,False,major,False,
lookup_01,rag,lookup_01::phase=phase_2-20260414T015851.396089Z-42e1d8b4,phase_2,lookup,What is the title of the arXiv paper that introduces the Transformer architecture?,LOOKUP_NOISY::phase_2,/Users/bharathnunepalli/Downloads/llm-wiki-vs-rag/artifacts/rag_runs/lookup_01::phase=phase_2-20260414T015851.396089Z-42e1d8b4,83.146,1,1,2,partial,full,correct,False,False,minor,False,
lookup_02,rag,lookup_02::phase=phase_2-20260414T015851.484518Z-7a8dfed3,phase_2,lookup,Which SEC filing form is typically used for annual reports by U.S. public companies?,LOOKUP_NOISY::phase_2,/Users/bharathnunepalli/Downloads/llm-wiki-vs-rag/artifacts/rag_runs/lookup_02::phase=phase_2-20260414T015851.484518Z-7a8dfed3,22.991,1,1,2,partial,full,correct,False,False,minor,False,
lookup_03,rag,lookup_03::phase=phase_2-20260414T015851.512081Z-8a63d87b,phase_2,lookup,"In policy governance documents, what does the acronym KYC stand for?",LOOKUP_NOISY::phase_2,/Users/bharathnunepalli/Downloads/llm-wiki-vs-rag/artifacts/rag_runs/lookup_03::phase=phase_2-20260414T015851.512081Z-8a63d87b,93.109,1,1,2,partial,full,correct,False,False,minor,False,
lookup_04,rag,lookup_04::phase=phase_2-20260414T015851.607508Z-a023087a,phase_2,lookup,What section of a financial filing usually contains the Management's Discussion and Analysis (MD&A)?,GENERIC::phase_2,/Users/bharathnunepalli/Downloads/llm-wiki-vs-rag/artifacts/rag_runs/lookup_04::phase=phase_2-20260414T015851.607508Z-a023087a,125.332,1,1,2,partial,incomplete,correct,False,False,minor,False,
lookup_05,rag,lookup_05::phase=phase_2-20260414T015851.738130Z-3b56e565,phase_2,lookup,What is the standard purpose of a data retention policy in enterprise compliance documentation?,LOOKUP_NOISY::phase_2,/Users/bharathnunepalli/Downloads/llm-wiki-vs-rag/artifacts/rag_runs/lookup_05::phase=phase_2-20260414T015851.738130Z-3b56e565,129.169,1,1,2,partial,full,correct,False,False,minor,False,
lookup_06,rag,lookup_06::phase=phase_2-20260414T015851.873506Z-abc939cf,phase_2,lookup,What does EBITDA stand for in corporate financial reporting contexts?,LOOKUP_NOISY::phase_2,/Users/bharathnunepalli/Downloads/llm-wiki-vs-rag/artifacts/rag_runs/lookup_06::phase=phase_2-20260414T015851.873506Z-abc939cf,150.375,1,1,2,partial,full,correct,False,False,minor,False,
synthesis_01,rag,synthesis_01::phase=phase_2-20260414T015852.025135Z-e1d43a28,phase_2,synthesis,Synthesize key differences between model pretraining objectives described in arXiv papers and governance controls described in policy documents.,SYNTHESIS_PARTIAL::phase_2,/Users/bharathnunepalli/Downloads/llm-wiki-vs-rag/artifacts/rag_runs/synthesis_01::phase=phase_2-20260414T015852.025135Z-e1d43a28,169.005,1,1,2,partial,incomplete,correct,False,False,major,False,
synthesis_02,rag,synthesis_02::phase=phase_2-20260414T015852.199961Z-8730312b,phase_2,synthesis,Combine evidence from a company risk policy and its annual filing to summarize the organization's top operational risk themes.,SYNTHESIS_PARTIAL::phase_2,/Users/bharathnunepalli/Downloads/llm-wiki-vs-rag/artifacts/rag_runs/synthesis_02::phase=phase_2-20260414T015852.199961Z-8730312b,35.525,1,1,2,partial,incomplete,correct,False,False,major,False,
synthesis_03,rag,synthesis_03::phase=phase_2-20260414T015852.241211Z-4a9a3133,phase_2,synthesis,"Using arXiv and policy sources, summarize how data privacy constraints can affect machine learning deployment decisions.",SYNTHESIS_PARTIAL::phase_2,/Users/bharathnunepalli/Downloads/llm-wiki-vs-rag/artifacts/rag_runs/synthesis_03::phase=phase_2-20260414T015852.241211Z-4a9a3133,108.596,1,1,2,partial,incomplete,correct,False,False,major,False,
synthesis_04,rag,synthesis_04::phase=phase_2-20260414T015852.356210Z-14295337,phase_2,synthesis,Synthesize a short briefing that links model evaluation findings in research papers with disclosure language in financial filings.,SYNTHESIS_PARTIAL::phase_2,/Users/bharathnunepalli/Downloads/llm-wiki-vs-rag/artifacts/rag_runs/synthesis_04::phase=phase_2-20260414T015852.356210Z-14295337,108.349,1,1,2,partial,incomplete,correct,False,False,major,False,
synthesis_05,rag,synthesis_05::phase=phase_2-20260414T015852.467815Z-dc767860,phase_2,synthesis,Integrate information from compliance policy documents and SEC filings to explain how incident response responsibilities are allocated.,SYNTHESIS_PARTIAL::phase_2,/Users/bharathnunepalli/Downloads/llm-wiki-vs-rag/artifacts/rag_runs/synthesis_05::phase=phase_2-20260414T015852.467815Z-dc767860,112.475,1,1,2,partial,incomplete,correct,False,False,major,False,
synthesis_06,rag,synthesis_06::phase=phase_2-20260414T015852.584628Z-6eb075e6,phase_2,synthesis,Synthesize the relationship between research-reported model limitations and the cautionary statements in investor-facing filings.,SYNTHESIS_PARTIAL::phase_2,/Users/bharathnunepalli/Downloads/llm-wiki-vs-rag/artifacts/rag_runs/synthesis_06::phase=phase_2-20260414T015852.584628Z-6eb075e6,88.774,1,1,2,partial,incomplete,correct,False,False,major,False,
latest_state_01,rag,latest_state_01::phase=phase_2-20260414T015852.676672Z-f702399e,phase_2,latest_state,"Based on the latest dated corpus documents, what is the most current stated policy on retaining customer support transcripts?",LATEST_STATE_STALE::phase_2,/Users/bharathnunepalli/Downloads/llm-wiki-vs-rag/artifacts/rag_runs/latest_state_01::phase=phase_2-20260414T015852.676672Z-f702399e,36.243,1,1,2,wrong,failed,stale,False,False,major,False,
latest_state_02,rag,latest_state_02::phase=phase_2-20260414T015852.717361Z-aea6faf9,phase_2,latest_state,"From available filing revisions, what is the latest reported fiscal-year revenue trend for the company?",LATEST_STATE_STALE::phase_2,/Users/bharathnunepalli/Downloads/llm-wiki-vs-rag/artifacts/rag_runs/latest_state_02::phase=phase_2-20260414T015852.717361Z-aea6faf9,10.46,1,1,2,wrong,failed,stale,False,False,major,False,
latest_state_03,rag,latest_state_03::phase=phase_2-20260414T015852.732963Z-d7ed6d47,phase_2,latest_state,"Considering publication dates, what is the newest model architecture improvement described across the arXiv papers in corpus?",LATEST_STATE_STALE::phase_2,/Users/bharathnunepalli/Downloads/llm-wiki-vs-rag/artifacts/rag_runs/latest_state_03::phase=phase_2-20260414T015852.732963Z-d7ed6d47,128.093,1,1,2,wrong,failed,stale,False,False,major,False,
latest_state_04,rag,latest_state_04::phase=phase_2-20260414T015852.866000Z-ba890926,phase_2,latest_state,"Using effective dates in governance materials, what is the latest approved access-control requirement for production systems?",LATEST_STATE_STALE::phase_2,/Users/bharathnunepalli/Downloads/llm-wiki-vs-rag/artifacts/rag_runs/latest_state_04::phase=phase_2-20260414T015852.866000Z-ba890926,263.806,1,1,2,wrong,failed,stale,False,False,major,False,
latest_state_05,rag,latest_state_05::phase=phase_2-20260414T015853.138982Z-273900a4,phase_2,latest_state,"Across policy updates and filings, what is the latest disclosed stance on third-party AI vendor risk?",LATEST_STATE_STALE::phase_2,/Users/bharathnunepalli/Downloads/llm-wiki-vs-rag/artifacts/rag_runs/latest_state_05::phase=phase_2-20260414T015853.138982Z-273900a4,269.405,1,1,2,wrong,failed,stale,False,False,major,False,
latest_state_06,rag,latest_state_06::phase=phase_2-20260414T015853.405470Z-41d3cc30,phase_2,latest_state,"From the most recent corpus evidence, what is the current definition of material cybersecurity incident reporting timelines?",LATEST_STATE_STALE::phase_2,/Users/bharathnunepalli/Downloads/llm-wiki-vs-rag/artifacts/rag_runs/latest_state_06::phase=phase_2-20260414T015853.405470Z-41d3cc30,30.882,1,1,2,wrong,failed,stale,False,False,major,False,
contradiction_01,rag,contradiction_01::phase=phase_2-20260414T015853.440806Z-2c8a2b6e,phase_2,contradiction,Identify any contradiction between arXiv claims of model robustness and policy constraints on acceptable model failure rates.,CONTRADICTION_MISSED::phase_2,/Users/bharathnunepalli/Downloads/llm-wiki-vs-rag/artifacts/rag_runs/contradiction_01::phase=phase_2-20260414T015853.440806Z-2c8a2b6e,174.662,1,1,2,wrong,failed,correct,False,False,major,False,
contradiction_02,rag,contradiction_02::phase=phase_2-20260414T015853.618218Z-40a04f8f,phase_2,contradiction,Find contradictions between risk disclosures in financial filings and internal policy statements about system availability commitments.,CONTRADICTION_MISSED::phase_2,/Users/bharathnunepalli/Downloads/llm-wiki-vs-rag/artifacts/rag_runs/contradiction_02::phase=phase_2-20260414T015853.618218Z-40a04f8f,9.583,1,1,2,wrong,failed,correct,False,False,major,False,
contradiction_03,rag,contradiction_03::phase=phase_2-20260414T015853.632087Z-4d39881a,phase_2,contradiction,Detect contradictions between data minimization policy language and research pipeline descriptions that rely on broad data collection.,CONTRADICTION_MISSED::phase_2,/Users/bharathnunepalli/Downloads/llm-wiki-vs-rag/artifacts/rag_runs/contradiction_03::phase=phase_2-20260414T015853.632087Z-4d39881a,226.685,1,1,2,wrong,failed,correct,False,False,major,False,
contradiction_04,rag,contradiction_04::phase=phase_2-20260414T015853.866322Z-d321d7f3,phase_2,contradiction,Identify contradictions between financial filing statements on AI investment priorities and policy restrictions on deployment scope.,CONTRADICTION_MISSED::phase_2,/Users/bharathnunepalli/Downloads/llm-wiki-vs-rag/artifacts/rag_runs/contradiction_04::phase=phase_2-20260414T015853.866322Z-d321d7f3,244.026,1,1,2,wrong,failed,correct,False,False,major,False,
contradiction_05,rag,contradiction_05::phase=phase_2-20260414T015854.114890Z-da498e5d,phase_2,contradiction,Check whether governance documents contradict filing disclosures about incident disclosure speed and escalation thresholds.,GENERIC::phase_2,/Users/bharathnunepalli/Downloads/llm-wiki-vs-rag/artifacts/rag_runs/contradiction_05::phase=phase_2-20260414T015854.114890Z-da498e5d,177.815,1,1,2,partial,incomplete,correct,False,False,minor,False,
contradiction_06,rag,contradiction_06::phase=phase_2-20260414T015854.296716Z-630f91b5,phase_2,contradiction,Determine whether there is a contradiction between research claims of interpretability and policy requirements for explainability audits.,CONTRADICTION_MISSED::phase_2,/Users/bharathnunepalli/Downloads/llm-wiki-vs-rag/artifacts/rag_runs/contradiction_06::phase=phase_2-20260414T015854.296716Z-630f91b5,178.741,1,1,2,wrong,failed,correct,False,False,major,False,
lookup_01,wiki,lookup_01::phase=phase_1-20260414T015857.259382Z-5f8a6682,phase_1,lookup,What is the title of the arXiv paper that introduces the Transformer architecture?,LATEST_STATE::phase_1,/Users/bharathnunepalli/Downloads/llm-wiki-vs-rag/artifacts/wiki_runs/lookup_01::phase=phase_1-20260414T015857.259382Z-5f8a6682,2.059,1,1,2,correct,full,correct,False,False,none,False,
lookup_02,wiki,lookup_02::phase=phase_1-20260414T015857.261448Z-a32b0631,phase_1,lookup,Which SEC filing form is typically used for annual reports by U.S. public companies?,LATEST_STATE::phase_1,/Users/bharathnunepalli/Downloads/llm-wiki-vs-rag/artifacts/wiki_runs/lookup_02::phase=phase_1-20260414T015857.261448Z-a32b0631,1.252,1,1,2,correct,full,correct,False,False,none,False,
lookup_03,wiki,lookup_03::phase=phase_1-20260414T015857.262695Z-b6f054b8,phase_1,lookup,"In policy governance documents, what does the acronym KYC stand for?",LATEST_STATE::phase_1,/Users/bharathnunepalli/Downloads/llm-wiki-vs-rag/artifacts/wiki_runs/lookup_03::phase=phase_1-20260414T015857.262695Z-b6f054b8,1.253,1,1,2,correct,full,correct,False,False,none,False,
lookup_04,wiki,lookup_04::phase=phase_1-20260414T015857.263955Z-89d8553d,phase_1,lookup,What section of a financial filing usually contains the Management's Discussion and Analysis (MD&A)?,LATEST_STATE::phase_1,/Users/bharathnunepalli/Downloads/llm-wiki-vs-rag/artifacts/wiki_runs/lookup_04::phase=phase_1-20260414T015857.263955Z-89d8553d,3.954,1,1,2,correct,full,correct,False,False,none,False,
lookup_05,wiki,lookup_05::phase=phase_1-20260414T015857.267926Z-c7cf7cc6,phase_1,lookup,What is the standard purpose of a data retention policy in enterprise compliance documentation?,LATEST_STATE::phase_1,/Users/bharathnunepalli/Downloads/llm-wiki-vs-rag/artifacts/wiki_runs/lookup_05::phase=phase_1-20260414T015857.267926Z-c7cf7cc6,1.358,1,1,2,correct,full,correct,False,False,none,False,
lookup_06,wiki,lookup_06::phase=phase_1-20260414T015857.269295Z-1180c635,phase_1,lookup,What does EBITDA stand for in corporate financial reporting contexts?,LATEST_STATE::phase_1,/Users/bharathnunepalli/Downloads/llm-wiki-vs-rag/artifacts/wiki_runs/lookup_06::phase=phase_1-20260414T015857.269295Z-1180c635,1.517,1,1,2,correct,full,correct,False,False,none,False,
synthesis_01,wiki,synthesis_01::phase=phase_1-20260414T015857.270818Z-0f1c23f5,phase_1,synthesis,Synthesize key differences between model pretraining objectives described in arXiv papers and governance controls described in policy documents.,LATEST_STATE::phase_1,/Users/bharathnunepalli/Downloads/llm-wiki-vs-rag/artifacts/wiki_runs/synthesis_01::phase=phase_1-20260414T015857.270818Z-0f1c23f5,1.193,1,1,2,correct,full,correct,False,False,none,False,
synthesis_02,wiki,synthesis_02::phase=phase_1-20260414T015857.272022Z-fa3fd2a9,phase_1,synthesis,Combine evidence from a company risk policy and its annual filing to summarize the organization's top operational risk themes.,LATEST_STATE::phase_1,/Users/bharathnunepalli/Downloads/llm-wiki-vs-rag/artifacts/wiki_runs/synthesis_02::phase=phase_1-20260414T015857.272022Z-fa3fd2a9,5.693,1,1,2,correct,full,correct,False,False,none,False,
synthesis_03,wiki,synthesis_03::phase=phase_1-20260414T015857.277742Z-331c2d93,phase_1,synthesis,"Using arXiv and policy sources, summarize how data privacy constraints can affect machine learning deployment decisions.",LATEST_STATE::phase_1,/Users/bharathnunepalli/Downloads/llm-wiki-vs-rag/artifacts/wiki_runs/synthesis_03::phase=phase_1-20260414T015857.277742Z-331c2d93,2.332,1,1,2,correct,full,correct,False,False,none,False,
synthesis_04,wiki,synthesis_04::phase=phase_1-20260414T015857.280072Z-bb2f56ce,phase_1,synthesis,Synthesize a short briefing that links model evaluation findings in research papers with disclosure language in financial filings.,LATEST_STATE::phase_1,/Users/bharathnunepalli/Downloads/llm-wiki-vs-rag/artifacts/wiki_runs/synthesis_04::phase=phase_1-20260414T015857.280072Z-bb2f56ce,1.574,1,1,2,correct,full,correct,False,False,none,False,
synthesis_05,wiki,synthesis_05::phase=phase_1-20260414T015857.281650Z-a2dfc8e9,phase_1,synthesis,Integrate information from compliance policy documents and SEC filings to explain how incident response responsibilities are allocated.,LATEST_STATE::phase_1,/Users/bharathnunepalli/Downloads/llm-wiki-vs-rag/artifacts/wiki_runs/synthesis_05::phase=phase_1-20260414T015857.281650Z-a2dfc8e9,1.308,1,1,2,correct,full,correct,False,False,none,False,
synthesis_06,wiki,synthesis_06::phase=phase_1-20260414T015857.282963Z-071b5e49,phase_1,synthesis,Synthesize the relationship between research-reported model limitations and the cautionary statements in investor-facing filings.,LATEST_STATE::phase_1,/Users/bharathnunepalli/Downloads/llm-wiki-vs-rag/artifacts/wiki_runs/synthesis_06::phase=phase_1-20260414T015857.282963Z-071b5e49,1.479,1,1,2,correct,full,correct,False,False,none,False,
latest_state_01,wiki,latest_state_01::phase=phase_1-20260414T015857.284450Z-f3c2b1a0,phase_1,latest_state,"Based on the latest dated corpus documents, what is the most current stated policy on retaining customer support transcripts?",LATEST_STATE::phase_1,/Users/bharathnunepalli/Downloads/llm-wiki-vs-rag/artifacts/wiki_runs/latest_state_01::phase=phase_1-20260414T015857.284450Z-f3c2b1a0,6.85,1,1,2,correct,full,correct,False,False,none,False,
latest_state_02,wiki,latest_state_02::phase=phase_1-20260414T015857.291319Z-c232b2a9,phase_1,latest_state,"From available filing revisions, what is the latest reported fiscal-year revenue trend for the company?",LATEST_STATE::phase_1,/Users/bharathnunepalli/Downloads/llm-wiki-vs-rag/artifacts/wiki_runs/latest_state_02::phase=phase_1-20260414T015857.291319Z-c232b2a9,1.124,1,1,2,correct,full,correct,False,False,none,False,
latest_state_03,wiki,latest_state_03::phase=phase_1-20260414T015857.292443Z-f0ae8638,phase_1,latest_state,"Considering publication dates, what is the newest model architecture improvement described across the arXiv papers in corpus?",LATEST_STATE::phase_1,/Users/bharathnunepalli/Downloads/llm-wiki-vs-rag/artifacts/wiki_runs/latest_state_03::phase=phase_1-20260414T015857.292443Z-f0ae8638,1.133,1,1,2,correct,full,correct,False,False,none,False,
latest_state_04,wiki,latest_state_04::phase=phase_1-20260414T015857.293577Z-2e54a10b,phase_1,latest_state,"Using effective dates in governance materials, what is the latest approved access-control requirement for production systems?",LATEST_STATE::phase_1,/Users/bharathnunepalli/Downloads/llm-wiki-vs-rag/artifacts/wiki_runs/latest_state_04::phase=phase_1-20260414T015857.293577Z-2e54a10b,1.134,1,1,2,correct,full,correct,False,False,none,False,
latest_state_05,wiki,latest_state_05::phase=phase_1-20260414T015857.294719Z-b0957a23,phase_1,latest_state,"Across policy updates and filings, what is the latest disclosed stance on third-party AI vendor risk?",LATEST_STATE::phase_1,/Users/bharathnunepalli/Downloads/llm-wiki-vs-rag/artifacts/wiki_runs/latest_state_05::phase=phase_1-20260414T015857.294719Z-b0957a23,4.597,1,1,2,correct,full,correct,False,False,none,False,
latest_state_06,wiki,latest_state_06::phase=phase_1-20260414T015857.299333Z-2cbc7e65,phase_1,latest_state,"From the most recent corpus evidence, what is the current definition of material cybersecurity incident reporting timelines?",LATEST_STATE::phase_1,/Users/bharathnunepalli/Downloads/llm-wiki-vs-rag/artifacts/wiki_runs/latest_state_06::phase=phase_1-20260414T015857.299333Z-2cbc7e65,1.796,1,1,2,correct,full,correct,False,False,none,False,
contradiction_01,wiki,contradiction_01::phase=phase_1-20260414T015857.301147Z-a05a290c,phase_1,contradiction,Identify any contradiction between arXiv claims of model robustness and policy constraints on acceptable model failure rates.,LATEST_STATE::phase_1,/Users/bharathnunepalli/Downloads/llm-wiki-vs-rag/artifacts/wiki_runs/contradiction_01::phase=phase_1-20260414T015857.301147Z-a05a290c,1.315,1,1,2,correct,full,correct,False,False,none,False,
contradiction_02,wiki,contradiction_02::phase=phase_1-20260414T015857.302461Z-47b630d0,phase_1,contradiction,Find contradictions between risk disclosures in financial filings and internal policy statements about system availability commitments.,LATEST_STATE::phase_1,/Users/bharathnunepalli/Downloads/llm-wiki-vs-rag/artifacts/wiki_runs/contradiction_02::phase=phase_1-20260414T015857.302461Z-47b630d0,1.102,1,1,2,correct,full,correct,False,False,none,False,
contradiction_03,wiki,contradiction_03::phase=phase_1-20260414T015857.303567Z-3fcb760c,phase_1,contradiction,Detect contradictions between data minimization policy language and research pipeline descriptions that rely on broad data collection.,LATEST_STATE::phase_1,/Users/bharathnunepalli/Downloads/llm-wiki-vs-rag/artifacts/wiki_runs/contradiction_03::phase=phase_1-20260414T015857.303567Z-3fcb760c,1.648,1,1,2,correct,full,correct,False,False,none,False,
contradiction_04,wiki,contradiction_04::phase=phase_1-20260414T015857.305219Z-d8ebad35,phase_1,contradiction,Identify contradictions between financial filing statements on AI investment priorities and policy restrictions on deployment scope.,LATEST_STATE::phase_1,/Users/bharathnunepalli/Downloads/llm-wiki-vs-rag/artifacts/wiki_runs/contradiction_04::phase=phase_1-20260414T015857.305219Z-d8ebad35,6.04,1,1,2,correct,full,correct,False,False,none,False,
contradiction_05,wiki,contradiction_05::phase=phase_1-20260414T015857.311308Z-4559df5b,phase_1,contradiction,Check whether governance documents contradict filing disclosures about incident disclosure speed and escalation thresholds.,LATEST_STATE::phase_1,/Users/bharathnunepalli/Downloads/llm-wiki-vs-rag/artifacts/wiki_runs/contradiction_05::phase=phase_1-20260414T015857.311308Z-4559df5b,1.335,1,1,2,correct,full,correct,False,False,none,False,
contradiction_06,wiki,contradiction_06::phase=phase_1-20260414T015857.312632Z-83e9bda3,phase_1,contradiction,Determine whether there is a contradiction between research claims of interpretability and policy requirements for explainability audits.,LATEST_STATE::phase_1,/Users/bharathnunepalli/Downloads/llm-wiki-vs-rag/artifacts/wiki_runs/contradiction_06::phase=phase_1-20260414T015857.312632Z-83e9bda3,1.242,1,1,2,correct,full,correct,False,False,none,False,
lookup_01,wiki,lookup_01::phase=phase_2-20260414T015859.842123Z-83dbeacc,phase_2,lookup,What is the title of the arXiv paper that introduces the Transformer architecture?,LATEST_STATE::phase_2,/Users/bharathnunepalli/Downloads/llm-wiki-vs-rag/artifacts/wiki_runs/lookup_01::phase=phase_2-20260414T015859.842123Z-83dbeacc,2.539,1,1,2,correct,full,correct,False,False,none,False,
lookup_02,wiki,lookup_02::phase=phase_2-20260414T015859.844663Z-c09705cd,phase_2,lookup,Which SEC filing form is typically used for annual reports by U.S. public companies?,LATEST_STATE::phase_2,/Users/bharathnunepalli/Downloads/llm-wiki-vs-rag/artifacts/wiki_runs/lookup_02::phase=phase_2-20260414T015859.844663Z-c09705cd,1.274,1,1,2,correct,full,correct,False,False,none,False,
lookup_03,wiki,lookup_03::phase=phase_2-20260414T015859.845931Z-84b7b998,phase_2,lookup,"In policy governance documents, what does the acronym KYC stand for?",LATEST_STATE::phase_2,/Users/bharathnunepalli/Downloads/llm-wiki-vs-rag/artifacts/wiki_runs/lookup_03::phase=phase_2-20260414T015859.845931Z-84b7b998,1.425,1,1,2,correct,full,correct,False,False,none,False,
lookup_04,wiki,lookup_04::phase=phase_2-20260414T015859.847362Z-24395078,phase_2,lookup,What section of a financial filing usually contains the Management's Discussion and Analysis (MD&A)?,LATEST_STATE::phase_2,/Users/bharathnunepalli/Downloads/llm-wiki-vs-rag/artifacts/wiki_runs/lookup_04::phase=phase_2-20260414T015859.847362Z-24395078,2.964,1,1,2,correct,full,correct,False,False,none,False,
lookup_05,wiki,lookup_05::phase=phase_2-20260414T015859.850337Z-2075d6a5,phase_2,lookup,What is the standard purpose of a data retention policy in enterprise compliance documentation?,LATEST_STATE::phase_2,/Users/bharathnunepalli/Downloads/llm-wiki-vs-rag/artifacts/wiki_runs/lookup_05::phase=phase_2-20260414T015859.850337Z-2075d6a5,1.441,1,1,2,correct,full,correct,False,False,none,False,
lookup_06,wiki,lookup_06::phase=phase_2-20260414T015859.851800Z-58f4b047,phase_2,lookup,What does EBITDA stand for in corporate financial reporting contexts?,LATEST_STATE::phase_2,/Users/bharathnunepalli/Downloads/llm-wiki-vs-rag/artifacts/wiki_runs/lookup_06::phase=phase_2-20260414T015859.851800Z-58f4b047,1.314,1,1,2,correct,full,correct,False,False,none,False,
synthesis_01,wiki,synthesis_01::phase=phase_2-20260414T015859.853119Z-645ce311,phase_2,synthesis,Synthesize key differences between model pretraining objectives described in arXiv papers and governance controls described in policy documents.,LATEST_STATE::phase_2,/Users/bharathnunepalli/Downloads/llm-wiki-vs-rag/artifacts/wiki_runs/synthesis_01::phase=phase_2-20260414T015859.853119Z-645ce311,5.603,1,1,2,correct,full,correct,False,False,none,False,
synthesis_02,wiki,synthesis_02::phase=phase_2-20260414T015859.858755Z-fc276d49,phase_2,synthesis,Combine evidence from a company risk policy and its annual filing to summarize the organization's top operational risk themes.,LATEST_STATE::phase_2,/Users/bharathnunepalli/Downloads/llm-wiki-vs-rag/artifacts/wiki_runs/synthesis_02::phase=phase_2-20260414T015859.858755Z-fc276d49,1.584,1,1,2,correct,full,correct,False,False,none,False,
synthesis_03,wiki,synthesis_03::phase=phase_2-20260414T015859.860329Z-182e47d6,phase_2,synthesis,"Using arXiv and policy sources, summarize how data privacy constraints can affect machine learning deployment decisions.",LATEST_STATE::phase_2,/Users/bharathnunepalli/Downloads/llm-wiki-vs-rag/artifacts/wiki_runs/synthesis_03::phase=phase_2-20260414T015859.860329Z-182e47d6,1.24,1,1,2,correct,full,correct,False,False,none,False,
synthesis_04,wiki,synthesis_04::phase=phase_2-20260414T015859.861574Z-f38ef76d,phase_2,synthesis,Synthesize a short briefing that links model evaluation findings in research papers with disclosure language in financial filings.,LATEST_STATE::phase_2,/Users/bharathnunepalli/Downloads/llm-wiki-vs-rag/artifacts/wiki_runs/synthesis_04::phase=phase_2-20260414T015859.861574Z-f38ef76d,1.591,1,1,2,correct,full,correct,False,False,none,False,
synthesis_05,wiki,synthesis_05::phase=phase_2-20260414T015859.863169Z-0759c131,phase_2,synthesis,Integrate information from compliance policy documents and SEC filings to explain how incident response responsibilities are allocated.,LATEST_STATE::phase_2,/Users/bharathnunepalli/Downloads/llm-wiki-vs-rag/artifacts/wiki_runs/synthesis_05::phase=phase_2-20260414T015859.863169Z-0759c131,5.519,1,1,2,correct,full,correct,False,False,none,False,
synthesis_06,wiki,synthesis_06::phase=phase_2-20260414T015859.868712Z-9b3283c0,phase_2,synthesis,Synthesize the relationship between research-reported model limitations and the cautionary statements in investor-facing filings.,LATEST_STATE::phase_2,/Users/bharathnunepalli/Downloads/llm-wiki-vs-rag/artifacts/wiki_runs/synthesis_06::phase=phase_2-20260414T015859.868712Z-9b3283c0,1.341,1,1,2,correct,full,correct,False,False,none,False,
latest_state_01,wiki,latest_state_01::phase=phase_2-20260414T015859.870052Z-97f12a5e,phase_2,latest_state,"Based on the latest dated corpus documents, what is the most current stated policy on retaining customer support transcripts?",LATEST_STATE::phase_2,/Users/bharathnunepalli/Downloads/llm-wiki-vs-rag/artifacts/wiki_runs/latest_state_01::phase=phase_2-20260414T015859.870052Z-97f12a5e,1.369,1,1,2,correct,full,correct,False,False,none,False,
latest_state_02,wiki,latest_state_02::phase=phase_2-20260414T015859.871425Z-98529a98,phase_2,latest_state,"From available filing revisions, what is the latest reported fiscal-year revenue trend for the company?",LATEST_STATE::phase_2,/Users/bharathnunepalli/Downloads/llm-wiki-vs-rag/artifacts/wiki_runs/latest_state_02::phase=phase_2-20260414T015859.871425Z-98529a98,5.855,1,1,2,correct,full,correct,False,False,none,False,
latest_state_03,wiki,latest_state_03::phase=phase_2-20260414T015859.877309Z-ef97548f,phase_2,latest_state,"Considering publication dates, what is the newest model architecture improvement described across the arXiv papers in corpus?",LATEST_STATE::phase_2,/Users/bharathnunepalli/Downloads/llm-wiki-vs-rag/artifacts/wiki_runs/latest_state_03::phase=phase_2-20260414T015859.877309Z-ef97548f,1.613,1,1,2,correct,full,correct,False,False,none,False,
latest_state_04,wiki,latest_state_04::phase=phase_2-20260414T015859.878918Z-6785f41f,phase_2,latest_state,"Using effective dates in governance materials, what is the latest approved access-control requirement for production systems?",LATEST_STATE::phase_2,/Users/bharathnunepalli/Downloads/llm-wiki-vs-rag/artifacts/wiki_runs/latest_state_04::phase=phase_2-20260414T015859.878918Z-6785f41f,1.155,1,1,2,correct,full,correct,False,False,none,False,
latest_state_05,wiki,latest_state_05::phase=phase_2-20260414T015859.880092Z-4993d8f3,phase_2,latest_state,"Across policy updates and filings, what is the latest disclosed stance on third-party AI vendor risk?",LATEST_STATE::phase_2,/Users/bharathnunepalli/Downloads/llm-wiki-vs-rag/artifacts/wiki_runs/latest_state_05::phase=phase_2-20260414T015859.880092Z-4993d8f3,1.81,1,1,2,correct,full,correct,False,False,none,False,
latest_state_06,wiki,latest_state_06::phase=phase_2-20260414T015859.881908Z-5a3a4832,phase_2,latest_state,"From the most recent corpus evidence, what is the current definition of material cybersecurity incident reporting timelines?",LATEST_STATE::phase_2,/Users/bharathnunepalli/Downloads/llm-wiki-vs-rag/artifacts/wiki_runs/latest_state_06::phase=phase_2-20260414T015859.881908Z-5a3a4832,4.73,1,1,2,correct,full,correct,False,False,none,False,
contradiction_01,wiki,contradiction_01::phase=phase_2-20260414T015859.886650Z-1a02acc0,phase_2,contradiction,Identify any contradiction between arXiv claims of model robustness and policy constraints on acceptable model failure rates.,LATEST_STATE::phase_2,/Users/bharathnunepalli/Downloads/llm-wiki-vs-rag/artifacts/wiki_runs/contradiction_01::phase=phase_2-20260414T015859.886650Z-1a02acc0,1.178,1,1,2,correct,full,correct,False,False,none,False,
contradiction_02,wiki,contradiction_02::phase=phase_2-20260414T015859.887825Z-15f4a2db,phase_2,contradiction,Find contradictions between risk disclosures in financial filings and internal policy statements about system availability commitments.,LATEST_STATE::phase_2,/Users/bharathnunepalli/Downloads/llm-wiki-vs-rag/artifacts/wiki_runs/contradiction_02::phase=phase_2-20260414T015859.887825Z-15f4a2db,1.276,1,1,2,correct,full,correct,False,False,none,False,
contradiction_03,wiki,contradiction_03::phase=phase_2-20260414T015859.889108Z-f18a0a53,phase_2,contradiction,Detect contradictions between data minimization policy language and research pipeline descriptions that rely on broad data collection.,LATEST_STATE::phase_2,/Users/bharathnunepalli/Downloads/llm-wiki-vs-rag/artifacts/wiki_runs/contradiction_03::phase=phase_2-20260414T015859.889108Z-f18a0a53,1.501,1,1,2,correct,full,correct,False,False,none,False,
contradiction_04,wiki,contradiction_04::phase=phase_2-20260414T015859.890622Z-90fc9e20,phase_2,contradiction,Identify contradictions between financial filing statements on AI investment priorities and policy restrictions on deployment scope.,LATEST_STATE::phase_2,/Users/bharathnunepalli/Downloads/llm-wiki-vs-rag/artifacts/wiki_runs/contradiction_04::phase=phase_2-20260414T015859.890622Z-90fc9e20,1.504,1,1,2,correct,full,correct,False,False,none,False,
contradiction_05,wiki,contradiction_05::phase=phase_2-20260414T015859.892130Z-12674aa8,phase_2,contradiction,Check whether governance documents contradict filing disclosures about incident disclosure speed and escalation thresholds.,LATEST_STATE::phase_2,/Users/bharathnunepalli/Downloads/llm-wiki-vs-rag/artifacts/wiki_runs/contradiction_05::phase=phase_2-20260414T015859.892130Z-12674aa8,1.127,1,1,2,correct,full,correct,False,False,none,False,
contradiction_06,wiki,contradiction_06::phase=phase_2-20260414T015859.893260Z-a298e302,phase_2,contradiction,Determine whether there is a contradiction between research claims of interpretability and policy requirements for explainability audits.,LATEST_STATE::phase_2,/Users/bharathnunepalli/Downloads/llm-wiki-vs-rag/artifacts/wiki_runs/contradiction_06::phase=phase_2-20260414T015859.893260Z-a298e302,1.087,1,1,2,correct,full,correct,False,False,none,False,
